<?xml version="1.0" encoding="UTF-8"?>
<project-private xmlns="http://www.netbeans.org/ns/project-private/1">
    <editor-bookmarks xmlns="http://www.netbeans.org/ns/editor-bookmarks/2" lastBookmarkId="0"/>
    <open-files xmlns="http://www.netbeans.org/ns/projectui-open-files/2">
        <group>
            <file>file:/C:/Users/Asus/Desktop/Practica6BasileKeller/Practica6BasileKeller/src/practica6basilekeller/Practica6BasileKeller.java</file>
            <file>file:/C:/Users/Asus/Desktop/Practica6BasileKeller/Practica6BasileKeller/src/practica6basilekeller/GrafoPonderadoPrimm.java</file>
            <file>file:/C:/Users/Asus/Desktop/Practica6BasileKeller/Practica6BasileKeller/src/practica6basilekeller/GrafoPonderado.java</file>
            <file>file:/C:/Users/Asus/Desktop/Practica6BasileKeller/Practica6BasileKeller/src/practica6basilekeller/NodoAdyacente.java</file>
            <file>file:/C:/Users/Asus/Desktop/Practica6BasileKeller/Practica6BasileKeller/src/practica6basilekeller/Graph.java</file>
            <file>file:/C:/Users/Asus/Desktop/Practica6BasileKeller/Practica6BasileKeller/src/practica6basilekeller/ListaNodosAdyacentesVertice.java</file>
        </group>
    </open-files>
</project-private>
